{"cameraMode":{"drawMode":0,"name":"Shaded","section":"Shading Mode"},"sceneLighting":true,"audioPlay":false,"sceneViewState":{"showFog":false,"showMaterialUpdate":false,"showSkybox":false,"showFlares":false,"showImageEffects":false,"showParticleSystems":false},"in2DMode":false,"pivot":{"x":29.563064575195314,"y":-2.6890921592712404,"z":32.54352569580078},"rotation":{"x":0.22944238781929017,"y":0.4406766891479492,"z":-0.11824513226747513,"w":0.8600487112998962},"size":46.51835632324219,"orthographic":false}