{"cameraMode":{"drawMode":0,"name":"Shaded","section":"Shading Mode"},"sceneLighting":true,"audioPlay":false,"sceneViewState":{"showFog":false,"showMaterialUpdate":false,"showSkybox":false,"showFlares":false,"showImageEffects":false,"showParticleSystems":false},"in2DMode":false,"pivot":{"x":24.77747917175293,"y":15.327376365661621,"z":4.704008102416992},"rotation":{"x":0.06848008930683136,"y":-0.8510087132453919,"z":0.11417089402675629,"w":0.5083436369895935},"size":3.009337902069092,"orthographic":false}