{"cameraMode":{"drawMode":0,"name":"Shaded","section":"Shading Mode"},"sceneLighting":true,"audioPlay":false,"sceneViewState":{"showFog":false,"showMaterialUpdate":false,"showSkybox":false,"showFlares":false,"showImageEffects":false,"showParticleSystems":false},"in2DMode":false,"pivot":{"x":11.072526931762696,"y":11.466742515563965,"z":14.950376510620118},"rotation":{"x":-0.04182892665266991,"y":-0.6301296949386597,"z":0.03413086012005806,"w":-0.7747870683670044},"size":21.64616584777832,"orthographic":false}