{"cameraMode":{"drawMode":0,"name":"Shaded","section":"Shading Mode"},"sceneLighting":false,"audioPlay":false,"sceneViewState":{"showFog":false,"showMaterialUpdate":false,"showSkybox":false,"showFlares":false,"showImageEffects":false,"showParticleSystems":false},"in2DMode":false,"pivot":{"x":-1.215287446975708,"y":-0.580570638179779,"z":-8.814788818359375},"rotation":{"x":0.011814958415925503,"y":-0.9775357246398926,"z":0.055747177451848987,"w":0.20374730229377747},"size":5.7420783042907719,"orthographic":false}