{"cameraMode":{"drawMode":0,"name":"Shaded","section":"Shading Mode"},"sceneLighting":true,"audioPlay":false,"sceneViewState":{"showFog":false,"showMaterialUpdate":false,"showSkybox":false,"showFlares":false,"showImageEffects":false,"showParticleSystems":false},"in2DMode":false,"pivot":{"x":-2.0571606159210207,"y":13.847055435180664,"z":-9.56811809539795},"rotation":{"x":0.4320795238018036,"y":0.02919824980199337,"z":-0.013969572260975838,"w":0.9013561606407166},"size":4.941658973693848,"orthographic":false}