{"cameraMode":{"drawMode":0,"name":"Shaded","section":"Shading Mode"},"sceneLighting":true,"audioPlay":false,"sceneViewState":{"showFog":false,"showMaterialUpdate":false,"showSkybox":false,"showFlares":false,"showImageEffects":false,"showParticleSystems":false},"in2DMode":false,"pivot":{"x":8.57447624206543,"y":13.994507789611817,"z":11.860696792602539},"rotation":{"x":0.3298282325267792,"y":0.26305192708969118,"z":-0.09753011912107468,"w":0.9017102122306824},"size":40.702415466308597,"orthographic":false}