{"cameraMode":{"drawMode":0,"name":"Shaded","section":"Shading Mode"},"sceneLighting":false,"audioPlay":false,"sceneViewState":{"showFog":false,"showMaterialUpdate":false,"showSkybox":false,"showFlares":false,"showImageEffects":false,"showParticleSystems":false},"in2DMode":false,"pivot":{"x":-0.03353244438767433,"y":-0.02565769851207733,"z":-0.001117423176765442},"rotation":{"x":-0.12024533748626709,"y":-0.8065049648284912,"z":0.17567406594753266,"w":-0.5517584681510925},"size":0.803646445274353,"orthographic":false}