{"cameraMode":{"drawMode":0,"name":"Shaded","section":"Shading Mode"},"sceneLighting":false,"audioPlay":false,"sceneViewState":{"showFog":false,"showMaterialUpdate":false,"showSkybox":false,"showFlares":false,"showImageEffects":false,"showParticleSystems":false},"in2DMode":false,"pivot":{"x":0.17000000178813935,"y":4.525000095367432,"z":-2.490000009536743},"rotation":{"x":0.4320795238018036,"y":0.02919824980199337,"z":-0.013969572260975838,"w":0.9013561606407166},"size":17.05329704284668,"orthographic":false}