{"cameraMode":{"drawMode":0,"name":"Shaded","section":"Shading Mode"},"sceneLighting":true,"audioPlay":false,"sceneViewState":{"showFog":true,"showMaterialUpdate":true,"showSkybox":true,"showFlares":true,"showImageEffects":true,"showParticleSystems":true},"in2DMode":false,"pivot":{"x":8.643016815185547,"y":8.641260147094727,"z":-4.047513484954834},"rotation":{"x":0.1982780545949936,"y":-0.5983657836914063,"z":0.15595634281635285,"w":0.7605535984039307},"size":2.591219663619995,"orthographic":false}