{"cameraMode":{"drawMode":0,"name":"Shaded","section":"Shading Mode"},"sceneLighting":true,"audioPlay":false,"sceneViewState":{"showFog":false,"showMaterialUpdate":false,"showSkybox":false,"showFlares":false,"showImageEffects":false,"showParticleSystems":false},"in2DMode":false,"pivot":{"x":9.857460021972657,"y":17.539993286132814,"z":29.79068946838379},"rotation":{"x":0.22616657614707948,"y":0.46373459696769717,"z":-0.12439628690481186,"w":0.8478385210037231},"size":40.010372161865237,"orthographic":false}