{"cameraMode":{"drawMode":0,"name":"Shaded","section":"Shading Mode"},"sceneLighting":true,"audioPlay":false,"sceneViewState":{"showFog":false,"showMaterialUpdate":false,"showSkybox":false,"showFlares":false,"showImageEffects":false,"showParticleSystems":false},"in2DMode":false,"pivot":{"x":-0.765321671962738,"y":8.583064079284668,"z":-9.389782905578614},"rotation":{"x":-0.2492697685956955,"y":-0.027891412377357484,"z":0.00710320845246315,"w":-0.9681110382080078},"size":22.943445205688478,"orthographic":false}