{"cameraMode":{"drawMode":0,"name":"Shaded","section":"Shading Mode"},"sceneLighting":true,"audioPlay":false,"sceneViewState":{"showFog":true,"showMaterialUpdate":true,"showSkybox":true,"showFlares":true,"showImageEffects":true,"showParticleSystems":true},"in2DMode":false,"pivot":{"x":0.23769396543502809,"y":2.6699681282043459,"z":-5.826784133911133},"rotation":{"x":0.225320965051651,"y":-0.6527230143547058,"z":0.2126729041337967,"w":0.6914294958114624},"size":6.703946113586426,"orthographic":false}